404,http://www.yorkstreetdental.com/locations
404,http://www.yorkstreetdental.com/location
404,https://www.wychwooddental.com/locations
404,https://www.wychwooddental.com/location
404,http://www.queensplatedental.com/locations
404,http://www.queensplatedental.com/location
404,http://www.curitydental.com/locations
404,http://www.curitydental.com/location
404,http://www.dentistryonsheppard.com/locations
404,http://www.dentistryonsheppard.com/location
000,http://#locations
000,https://#locations
000,http://#location
000,https://#location
000,http://#locations
000,https://#locations
000,http://#location
000,https://#location
404,http://www.bloordentalhealthcentre.com/locations
404,http://www.bloordentalhealthcentre.com/location
000,http://#locations
000,https://#locations
000,http://#location
000,https://#location
404,https://www.uptownedental.com/locations
404,https://www.uptownedental.com/location
404,https://marksokalsky.com/locations
404,https://marksokalsky.com/location
404,http://www.doctorericpierre.com/locations
404,http://www.doctorericpierre.com/location
404,http://www.dentalhouse.ca/locations
404,http://www.dentalhouse.ca/location
200,http://citydentaltoronto.com/locations
404,http://citydentaltoronto.com/location
404,http://www.torontodental.com/locations
404,http://www.torontodental.com/location
404,http://www.drbrianfriedman.ca/locations
404,http://www.drbrianfriedman.ca/location
404,http://www.downsviewdentalarts.com/locations
404,http://www.downsviewdentalarts.com/location
000,http://#locations
000,https://#locations
000,http://#location
000,https://#location
404,https://dentalspadina.com/locations
404,https://dentalspadina.com/location
200,http://www.willowdaledentalgroup.com/locations
200,http://www.willowdaledentalgroup.com/location
404,http://stmichaelshospital.com/locations
404,http://stmichaelshospital.com/location
200,http://www.dentistryonqueeneast.ca/locations
200,http://www.dentistryonqueeneast.ca/location
404,http://librarydistrictdental.com/locations
404,http://librarydistrictdental.com/location
404,http://www.harbourfrontdental.com/locations
404,http://www.harbourfrontdental.com/location
404,http://www.dentistryat150eglintoneast.com/locations
404,http://www.dentistryat150eglintoneast.com/location
404,https://www.altimadental.com/locations/college-westlocations
404,https://www.altimadental.com/locations/college-westlocation
404,http://skyydental.com/gallery/locations
404,http://skyydental.com/gallery/location
404,http://www.dentistsonbloor.ca/locations
404,http://www.dentistsonbloor.ca/location
404,http://www.yongeeglintondental.com/locations
404,http://www.yongeeglintondental.com/location
404,https://www.wiredorthodontics.ca/locations
404,https://www.wiredorthodontics.ca/location
404,http://www.kaplandental.ca/locations
404,http://www.kaplandental.ca/location
404,http://www.cumberlandperiodontics.com/locations
404,http://www.cumberlandperiodontics.com/location
404,http://www.bomingbaidental.com/locations
404,http://www.bomingbaidental.com/location
404,http://www.artindental.com/locations
404,http://www.artindental.com/location
404,https://queendental718.com/locations
404,https://queendental718.com/location
000,http://#locations
000,https://#locations
000,http://#location
000,https://#location
404,http://www.avenuedental.com/locations
404,http://www.avenuedental.com/location
404,http://www.sunnysidedentalcentre.com/locations
404,http://www.sunnysidedentalcentre.com/location
404,https://www.dentistry.utoronto.ca/locations
404,https://www.dentistry.utoronto.ca/location
404,http://www.dentistryonu.com/locations
404,http://www.dentistryonu.com/location
404,http://www.drkwonglo.com/locations
404,http://www.drkwonglo.com/location
404,http://www.bitedental.ca/locations
404,http://www.bitedental.ca/location
404,http://yscdental.com/locations
404,http://yscdental.com/location
200,https://www.torontolaserdentist.com/site/home?utm_source=citation&utm_medium=referral&utm_campaign=yextlocations
200,https://www.torontolaserdentist.com/site/home?utm_source=citation&utm_medium=referral&utm_campaign=yextlocation
200,https://www.archdental.ca/locations
200,https://www.archdental.ca/location
404,https://www.archerdental.ca/locations/archer-dental-rosedale/locations
404,https://www.archerdental.ca/locations/archer-dental-rosedale/location
000,http://#locations
000,https://#locations
000,http://#location
000,https://#location
404,https://www.quaddental.ca/locations
404,https://www.quaddental.ca/location
404,http://oneyongedentaloffice.com/locations
404,http://oneyongedentaloffice.com/location
404,http://parsdentalclinic.com/locations
404,http://parsdentalclinic.com/location
000,http://#locations
000,https://#locations
000,http://#location
000,https://#location
000,http://#locations
000,https://#locations
000,http://#location
000,https://#location
404,http://midtowndentalstudio.ca/locations
404,http://midtowndentalstudio.ca/location
404,http://www.toothworks.com/locations
404,http://www.toothworks.com/location
404,http://www.fhcd.ca/locations
404,http://www.fhcd.ca/location
404,http://www.hkdental.ca/locations
404,http://www.hkdental.ca/location
404,https://www.accoladedental.com/dr-alena-bilic/locations
404,https://www.accoladedental.com/dr-alena-bilic/location
404,http://www.carltondental.ca/locations
404,http://www.carltondental.ca/location
200,https://www.dentist416.com/?utm_source=GMBListing&utm_medium=Organiclocations
200,https://www.dentist416.com/?utm_source=GMBListing&utm_medium=Organiclocation
404,http://www.martindaledental.com/locations
404,http://www.martindaledental.com/location
404,http://www.aridental.ca/locations
404,http://www.aridental.ca/location
404,http://www.drstanwaese.com/locations
404,http://www.drstanwaese.com/location
404,http://www.accoladedental.com/locations
404,http://www.accoladedental.com/location
200,https://www.northshoresdental.com/?utm_source=google&utm_medium=local&utm_campaign=gmblocations
200,https://www.northshoresdental.com/?utm_source=google&utm_medium=local&utm_campaign=gmblocation
200,http://www.dentalcaretoronto.com/locations
200,http://www.dentalcaretoronto.com/location
404,http://invisalign-toronto.ca/locations
404,http://invisalign-toronto.ca/location
404,http://www.drcarriehui.com/locations
404,http://www.drcarriehui.com/location
404,http://www.planetdentistry.com/locations
404,http://www.planetdentistry.com/location
404,http://www.dentistryondanforth.com/locations
404,http://www.dentistryondanforth.com/location
404,http://www.janestreetdental.ca/locations
404,http://www.janestreetdental.ca/location
000,http://#locations
000,https://#locations
000,http://#location
000,https://#location
404,http://www.metropolitan-dental.ca/locations
404,http://www.metropolitan-dental.ca/location
404,http://drmsterling.ca/locations
404,http://drmsterling.ca/location
404,http://www.yongedentalcentre.com/locations
404,http://www.yongedentalcentre.com/location
404,http://www.malverndental.com/locations
404,http://www.malverndental.com/location
200,http://www.dentistryinmotion.com/locations
200,http://www.dentistryinmotion.com/location
404,http://www.minkovdental.com/locations
404,http://www.minkovdental.com/location
404,http://www.therichmonddentalcentre.com/locations
404,http://www.therichmonddentalcentre.com/location
404,https://www.dentistrytorontoon.ca/locations
404,https://www.dentistrytorontoon.ca/location
404,http://dawsondental.ca/our-locations/scarborough-dentist/locations
404,http://dawsondental.ca/our-locations/scarborough-dentist/location
200,https://www.archdental.ca/locations
200,https://www.archdental.ca/location
404,https://www.polardental.com/locations/toronto-dentist-danforthlocations
404,https://www.polardental.com/locations/toronto-dentist-danforthlocation
000,http://#locations
000,https://#locations
000,http://#location
000,https://#location
404,http://www.georgebrown.ca/wave/locations
404,http://www.georgebrown.ca/wave/location
200,https://www.torontolakeshoredental.ca/?utm_source=local&utm_medium=organic&utm_campaign=gmblocations
200,https://www.torontolakeshoredental.ca/?utm_source=local&utm_medium=organic&utm_campaign=gmblocation
404,http://www.pilsondental.com/locations
404,http://www.pilsondental.com/location
404,http://www.cwdentalcentre.com/locations
404,http://www.cwdentalcentre.com/location
404,http://www.bloordentalhealthcentre.com/tmj_tmd_toronto.htmllocations
404,http://www.bloordentalhealthcentre.com/tmj_tmd_toronto.htmllocation
000,http://#locations
000,https://#locations
000,http://#location
000,https://#location
404,http://www.marketdentalcentre.ca/locations
404,http://www.marketdentalcentre.ca/location
404,http://www.yongedentalcentre.com/locations
404,http://www.yongedentalcentre.com/location
000,http://#locations
000,https://#locations
000,http://#location
000,https://#location
404,http://www.yscdental.com/locations
404,http://www.yscdental.com/location
404,https://kidcrew.com/locations
404,https://kidcrew.com/location
404,https://www.stgeorgedental.ca/locations
404,https://www.stgeorgedental.ca/location
404,https://cityoasis.dental/locations
404,https://cityoasis.dental/location
404,http://www.allsmiles.ca/locations
404,http://www.allsmiles.ca/location
404,http://www.yorkvilledentalarts.com/locations
404,http://www.yorkvilledentalarts.com/location
404,http://www.drkwandentistry.com/locations
404,http://www.drkwandentistry.com/location
404,https://frameworkdental.com/locations
404,https://frameworkdental.com/location
406,http://cityviewdentaltoronto.com/locations
406,http://cityviewdentaltoronto.com/location
404,http://www.porcelainveneers.ca/locations
404,http://www.porcelainveneers.ca/location
404,http://www.dentistrywithcaretoronto.ca/locations
404,http://www.dentistrywithcaretoronto.ca/location
404,http://dentalimplantstorontoon.com/locations
404,http://dentalimplantstorontoon.com/location
200,https://www.delisledental.com/site/home?utm_source=citation&utm_medium=referral&utm_campaign=yextlocations
200,https://www.delisledental.com/site/home?utm_source=citation&utm_medium=referral&utm_campaign=yextlocation
000,http://locations
000,https://locations
000,http://location
000,https://location
404,http://www.qqdental.ca/locations
404,http://www.qqdental.ca/location
404,http://www.simcoedentalgroup.com/locations
404,http://www.simcoedentalgroup.com/location
404,https://www.torontocitydentist.com/locations
404,https://www.torontocitydentist.com/location
404,https://www.archerdental.ca/locations/archer-dental-littleitaly/locations
404,https://www.archerdental.ca/locations/archer-dental-littleitaly/location
406,http://www.parkviewdentaltoronto.com/locations
406,http://www.parkviewdentaltoronto.com/location
404,https://www.dentalx.ca/locations
404,https://www.dentalx.ca/location
404,http://www.stclairdental.ca/locations
404,http://www.stclairdental.ca/location
000,http://#locations
000,https://#locations
000,http://#location
000,https://#location
404,http://museumdental.ca/locations
404,http://museumdental.ca/location
000,http://#locations
000,https://#locations
000,http://#location
000,https://#location
404,https://www.uptownyongedental.com/locations
404,https://www.uptownyongedental.com/location
404,http://www.shawlabgroup.com/locations
404,http://www.shawlabgroup.com/location
404,http://www.dentalhouselibertyvillage.ca/locations
404,http://www.dentalhouselibertyvillage.ca/location
404,https://www.metropolitan-dental.ca/locations
404,https://www.metropolitan-dental.ca/location
404,http://www.dentistondundas.com/locations
404,http://www.dentistondundas.com/location
404,http://www.baywelldental.com/locations
404,http://www.baywelldental.com/location
000,http://#locations
000,https://#locations
000,http://#location
000,https://#location
404,http://dentistryonqueenwest.ca/locations
404,http://dentistryonqueenwest.ca/location
404,http://www.mintdentistry.ca/locations
404,http://www.mintdentistry.ca/location
404,http://www.avenuelawrencedental.com/locations
404,http://www.avenuelawrencedental.com/location
404,https://wellesleydental.ca/locations
404,https://wellesleydental.ca/location
404,https://www.fairviewmalldentalcentre.com/locations
404,https://www.fairviewmalldentalcentre.com/location
404,http://www.sunnydental.ca/locations
404,http://www.sunnydental.ca/location
404,http://www.toothworks.com/locations
404,http://www.toothworks.com/location
404,http://www.midtowndental.ca/locations
404,http://www.midtowndental.ca/location
200,http://www.htldental.ca/locations
200,http://www.htldental.ca/location
000,http://#locations
000,https://#locations
000,http://#location
000,https://#location
404,http://www.simplysmilehygiene.com/locations
404,http://www.simplysmilehygiene.com/location
200,http://www.yorkvillesmiles.com/locations
200,http://www.yorkvillesmiles.com/location
000,http://#locations
000,https://#locations
000,http://#location
000,https://#location
404,https://www.drdann.ca/locations
404,https://www.drdann.ca/location
404,http://www.baybloordental.com/locations
404,http://www.baybloordental.com/location
000,http://#locations
000,https://#locations
000,http://#location
000,https://#location
200,https://www.downtowndentistry.com/?utm_source=google&utm_medium=organic&utm_campaign=gmblocations
200,https://www.downtowndentistry.com/?utm_source=google&utm_medium=organic&utm_campaign=gmblocation
404,http://www.coxwelldental.com/locations
404,http://www.coxwelldental.com/location
000,http://#locations
000,https://#locations
000,http://#location
000,https://#location
404,https://www.archerdental.ca/locations/runnymede/locations
404,https://www.archerdental.ca/locations/runnymede/location
404,http://www.pfdental.ca/locations
404,http://www.pfdental.ca/location
404,http://thevillagedentist.com/locations
404,http://thevillagedentist.com/location
404,http://www.torontoontariodentalcare.ca/locations
404,http://www.torontoontariodentalcare.ca/location
404,http://baycollegedentalcenter.com/locations
404,http://baycollegedentalcenter.com/location
404,http://www.toothworks.com/locations
404,http://www.toothworks.com/location
404,https://www.altimadental.com/locations/atriumlocations
404,https://www.altimadental.com/locations/atriumlocation
404,https://www.stlawrencedental.com/locations
404,https://www.stlawrencedental.com/location
000,http://#locations
000,https://#locations
000,http://#location
000,https://#location
200,https://toothcorner.com/dental-office-edward-st/locations
200,https://toothcorner.com/dental-office-edward-st/location
404,http://sherbournedental.com/locations
404,http://sherbournedental.com/location
000,http://#locations
000,https://#locations
000,http://#location
000,https://#location
404,http://www.drberzinimplants.ca/locations
404,http://www.drberzinimplants.ca/location
404,http://kiepasdental.com/locations
404,http://kiepasdental.com/location
404,http://bloordufferindental.com/locations
404,http://bloordufferindental.com/location
000,http://#locations
000,https://#locations
000,http://#location
000,https://#location
404,http://www.citydentalcenter.ca/locations
404,http://www.citydentalcenter.ca/location
404,http://www.arlingtondental.ca/locations
404,http://www.arlingtondental.ca/location
404,https://www.hkdental.ca/locations
404,https://www.hkdental.ca/location
404,http://www.smilingstardental.com/locations
404,http://www.smilingstardental.com/location
404,http://www.schecterdental.com/locations
404,http://www.schecterdental.com/location
404,http://www.concoursedental.com/locations
404,http://www.concoursedental.com/location
000,http://#locations
000,https://#locations
000,http://#location
000,https://#location
404,http://www.dndc.ca/locations
404,http://www.dndc.ca/location
404,http://www.sunrisekidsdental.com/locations
404,http://www.sunrisekidsdental.com/location
404,http://drevelynebourrouilh.com/locations
404,http://drevelynebourrouilh.com/location
404,http://drlokdentistry.com/locations
404,http://drlokdentistry.com/location
404,http://www.fortyorkdentist.com/locations
404,http://www.fortyorkdentist.com/location
404,http://yongefrontdental.com/locations
404,http://yongefrontdental.com/location
404,http://globaldental.com/locations
404,http://globaldental.com/location
404,http://sheppardyorklanddental.com/locations
404,http://sheppardyorklanddental.com/location
404,http://www.stlawrencedental.com/locations
404,http://www.stlawrencedental.com/location
404,http://junctionwestdental.ca/locations
404,http://junctionwestdental.ca/location
404,https://parkdale-dental-clinic.business.site/locations
404,https://parkdale-dental-clinic.business.site/location
404,http://www.districtdental.ca/locations
404,http://www.districtdental.ca/location
404,http://ayorkvillesmile.com/locations
404,http://ayorkvillesmile.com/location
404,http://www.northyorkdentalclinic.com/locations
404,http://www.northyorkdentalclinic.com/location
200,http://brushflossandsmile.com/locations
200,http://brushflossandsmile.com/location
200,http://www.dentistryatthemodern.ca/locations
200,http://www.dentistryatthemodern.ca/location
200,http://www.brushdentists.com/locations/dundaslocations
200,http://www.brushdentists.com/locations/dundaslocation
404,http://www.healthequity.ca/dental-clinic/locations
404,http://www.healthequity.ca/dental-clinic/location
404,https://torontodiamonddental.com/locations
404,https://torontodiamonddental.com/location
404,http://www.toronto-college-dental.org/locations
404,http://www.toronto-college-dental.org/location
200,http://www.willowdaledentalgroup.com/locations
200,http://www.willowdaledentalgroup.com/location
200,http://www.altimadental.com/locations
200,http://www.altimadental.com/location
404,http://www.yongemertondental.com/locations
404,http://www.yongemertondental.com/location
200,http://www.drtamo.ca/locations
200,http://www.drtamo.ca/location
200,http://belmandental.com/locations
200,http://belmandental.com/location
000,http://#locations
000,https://#locations
000,http://#location
000,https://#location
404,https://www.altimadental.com/locations/royal-bank-plazalocations
404,https://www.altimadental.com/locations/royal-bank-plazalocation
404,http://www.alfiedental.com/locations
404,http://www.alfiedental.com/location
404,http://www.clintondental.ca/locations
404,http://www.clintondental.ca/location
404,http://www.royaldentalcentre.com/locations
404,http://www.royaldentalcentre.com/location
000,http://#locations
000,https://#locations
000,http://#location
000,https://#location
000,http://#locations
000,https://#locations
000,http://#location
000,https://#location
404,http://www.hatamiandentistry.com/locations
404,http://www.hatamiandentistry.com/location
404,http://www.rcdso.org/locations
404,http://www.rcdso.org/location
000,http://#locations
000,https://#locations
000,http://#location
000,https://#location
404,http://www.rootcanals.ca/locations
404,http://www.rootcanals.ca/location
200,http://smilecareonstclair.com/locations
200,http://smilecareonstclair.com/location
404,http://brilldental.com/locations
404,http://brilldental.com/location
404,http://www.highparkdentalcare.com/locations
404,http://www.highparkdentalcare.com/location
000,http://#locations
000,https://#locations
000,http://#location
000,https://#location
404,http://cosmeticdentiststoronto.ca/locations
404,http://cosmeticdentiststoronto.ca/location
404,https://www.downtowndental.ca/locations
404,https://www.downtowndental.ca/location
404,http://globaldental.com/locations
404,http://globaldental.com/location
000,http://#locations
000,https://#locations
000,http://#location
000,https://#location
200,https://countrydental.ca/locations
404,https://countrydental.ca/location
200,http://citydentaltoronto.com/locations
404,http://citydentaltoronto.com/location
404,http://dskdental.com/locations
404,http://dskdental.com/location
000,http://#locations
000,https://#locations
000,http://#location
000,https://#location
404,http://www.thedentistryplace.com/locations
404,http://www.thedentistryplace.com/location
404,https://solarisdentalsolutions.com/locations
404,https://solarisdentalsolutions.com/location
404,https://www.yoursmile.com/locations
404,https://www.yoursmile.com/location
404,https://www.treehousedentalcare.ca/locations
404,https://www.treehousedentalcare.ca/location
404,http://www.parklawndental.ca/locations
404,http://www.parklawndental.ca/location
404,https://www.dawsondental.ca/our-locations/toronto-delisle-court/locations
404,https://www.dawsondental.ca/our-locations/toronto-delisle-court/location
000,http://#locations
000,https://#locations
000,http://#location
000,https://#location
404,https://www.altimadental.com/locations/coxwelllocations
404,https://www.altimadental.com/locations/coxwelllocation
404,https://www.altimadental.com/locations/first-canadian-placelocations
404,https://www.altimadental.com/locations/first-canadian-placelocation
200,http://www.bloordentalclinic.com/locations
200,http://www.bloordentalclinic.com/location
404,http://danforthdentalcare.ca/locations
404,http://danforthdentalcare.ca/location
404,https://www.fcpdental.com/locations
404,https://www.fcpdental.com/location
404,https://torontodentistry.info/locations
404,https://torontodentistry.info/location
404,https://www.dentistry.utoronto.ca/locations
404,https://www.dentistry.utoronto.ca/location
404,http://www.ked-dentist.ca/locations
404,http://www.ked-dentist.ca/location
404,http://www.todentists.ca/locations
404,http://www.todentists.ca/location
200,http://www.harbourdental.com/locations
200,http://www.harbourdental.com/location
404,https://www.riverdaledentist.ca/locations
404,https://www.riverdaledentist.ca/location
404,http://www.drlbrown.com/locations
200,http://www.drlbrown.com/location
404,http://www.cosmetic-dentist-toronto.com/locations
404,http://www.cosmetic-dentist-toronto.com/location
404,http://www.wordofmouthdentistry.ca/locations
404,http://www.wordofmouthdentistry.ca/location
404,http://www.720kwdental.com/locations
404,http://www.720kwdental.com/location
000,http://#locations
000,https://#locations
000,http://#location
000,https://#location
404,http://www.davisvillesmiles.com/locations
404,http://www.davisvillesmiles.com/location
404,http://www.districtdental.ca/locations
404,http://www.districtdental.ca/location
200,https://bloorwestsmiles.com/locations
200,https://bloorwestsmiles.com/location
404,http://www.dentalemergencyservices.ca/locations
404,http://www.dentalemergencyservices.ca/location
000,http://#locations
000,https://#locations
000,http://#location
000,https://#location
404,https://www.altimadental.com/locations/yonge-eglintonlocations
404,https://www.altimadental.com/locations/yonge-eglintonlocation
404,http://www.leasidedentistry.com/locations
404,http://www.leasidedentistry.com/location
404,https://www.altimadental.com/locations/annexlocations
404,https://www.altimadental.com/locations/annexlocation
404,https://dawsondental.ca/our-locations/toronto-bay-street/locations
404,https://dawsondental.ca/our-locations/toronto-bay-street/location
404,https://www.123-dental.com/locations
404,https://www.123-dental.com/location
200,https://dentalcaretoronto.com/locations
200,https://dentalcaretoronto.com/location
000,http://#locations
000,https://#locations
000,http://#location
000,https://#location
200,http://www.bloorlansdownedental.ca/locations
404,http://www.bloorlansdownedental.ca/location
404,http://dentistryonwellington.com/locations
404,http://dentistryonwellington.com/location
404,http://berkeleydental.ca/locations
200,http://berkeleydental.ca/location
404,http://www.torontodentistdowntown.ca/locations
404,http://www.torontodentistdowntown.ca/location
404,http://www.thedentalclinic.ca/locations
404,http://www.thedentalclinic.ca/location
000,http://#locations
000,https://#locations
000,http://#location
000,https://#location
404,http://www.dentistsonbloor.ca/locations
404,http://www.dentistsonbloor.ca/location
200,http://citydentaltoronto.com/locations
404,http://citydentaltoronto.com/location
404,http://www.uniteherebenefits.ca/locations
404,http://www.uniteherebenefits.ca/location
404,https://www.thorncliffedental.com/locations
404,https://www.thorncliffedental.com/location
000,http://#locations
000,https://#locations
000,http://#location
000,https://#location
404,https://www.dentalimplantsclinic.ca/locations
404,https://www.dentalimplantsclinic.ca/location
200,http://www.brushdentists.com/locations/churchlocations
200,http://www.brushdentists.com/locations/churchlocation
404,http://steelworkersdental.com/locations/toronto/locations
404,http://steelworkersdental.com/locations/toronto/location
404,http://www.downtowndental.ca/locations
404,http://www.downtowndental.ca/location
404,http://www.drfrederiksen.com/locations
404,http://www.drfrederiksen.com/location
404,http://platinumdentalcare.ca/locations
404,http://platinumdentalcare.ca/location
404,http://www.drcaudry.ca/locations
404,http://www.drcaudry.ca/location
404,http://www.museumdental.ca/locations
404,http://www.museumdental.ca/location
404,http://www.kingwestdental.ca/contact-us/contact-information-office-map/locations
404,http://www.kingwestdental.ca/contact-us/contact-information-office-map/location
404,http://dentistryinthebeach.com/locations
404,http://dentistryinthebeach.com/location
200,http://www.bayelmdental.com/?utm_source=citation&utm_medium=referral&utm_campaign=yextlocations
200,http://www.bayelmdental.com/?utm_source=citation&utm_medium=referral&utm_campaign=yextlocation
404,http://christieparkdental.com/locations
404,http://christieparkdental.com/location
404,http://invisalign-toronto.ca/locations
404,http://invisalign-toronto.ca/location
404,http://www.corktowndental.com/locations
200,http://www.corktowndental.com/location
404,http://www.smilesquad.ca/locations
404,http://www.smilesquad.ca/location
404,http://www.plazadental.ca/locations
404,http://www.plazadental.ca/location
200,http://www.torontosmiles.com/locations
200,http://www.torontosmiles.com/location
404,https://www.parsdentalclinic.com/locations
404,https://www.parsdentalclinic.com/location
404,http://www.collegestreetdental.ca/locations
404,http://www.collegestreetdental.ca/location
404,http://www.smilesolvers.com/locations
404,http://www.smilesolvers.com/location
404,http://dawsondental.ca/our-locations/queen-street-dentists-in-toronto/locations
404,http://dawsondental.ca/our-locations/queen-street-dentists-in-toronto/location
404,http://www.drcharlesgoldbergdds.com/locations
404,http://www.drcharlesgoldbergdds.com/location
404,http://www.childrens-dentistry.ca/locations
200,http://www.childrens-dentistry.ca/location
404,https://www.rusmilingdental.com/locations
404,https://www.rusmilingdental.com/location
000,http://#locations
000,https://#locations
000,http://#location
000,https://#location
404,http://www.royalyorkdental.ca/locations
404,http://www.royalyorkdental.ca/location
200,http://www.dundaseastdental.com/locations
404,http://www.dundaseastdental.com/location
404,https://www.drcharlesgoldbergdds.com/locations
404,https://www.drcharlesgoldbergdds.com/location
404,http://www.queenroncydental.com/locations
404,http://www.queenroncydental.com/location
404,http://bloorparkdental.com/locations
200,http://bloorparkdental.com/location
404,http://dawsondental.ca/our-locations/toronto-dentist/locations
404,http://dawsondental.ca/our-locations/toronto-dentist/location
404,https://www.afdentistry.ca/locations
404,https://www.afdentistry.ca/location
404,http://www.baptistadentistry.ca/locations
404,http://www.baptistadentistry.ca/location
404,http://www.studiobdental.ca/locations
404,http://www.studiobdental.ca/location
404,http://www.1888implant.com/locations
404,http://www.1888implant.com/location
404,http://pinholegumrecessiondentisttorontocanada.com/locations
404,http://pinholegumrecessiondentisttorontocanada.com/location
404,http://parkdentalcentres.com/locations
404,http://parkdentalcentres.com/location
000,http://#locations
000,https://#locations
000,http://#location
000,https://#location
404,https://www.altimadental.com/locations/scotia-plazalocations
404,https://www.altimadental.com/locations/scotia-plazalocation
404,http://www.capitoldentistry.ca/locations
404,http://www.capitoldentistry.ca/location
404,http://www.sunrisekidsdental.com/locations
404,http://www.sunrisekidsdental.com/location
404,https://www.aht.ca/locations
404,https://www.aht.ca/location
200,http://www.yongedentistry.com/locations
200,http://www.yongedentistry.com/location
404,http://www.torontosleepdentistry.com/locations
404,http://www.torontosleepdentistry.com/location
404,http://broadwaydentalclinic.com/locations
404,http://broadwaydentalclinic.com/location
000,http://#locations
000,https://#locations
000,http://#location
000,https://#location
404,http://www.toothworks.com/locations
404,http://www.toothworks.com/location
404,https://torontodiamonddental.com/locations
404,https://torontodiamonddental.com/location
404,http://www.torontocitydentist.com/locations
404,http://www.torontocitydentist.com/location
404,https://www.universityavedentalclinic.ca/locations
404,https://www.universityavedentalclinic.ca/location
404,https://adelaidedental.ca/locations
404,https://adelaidedental.ca/location
404,http://www.allon4dentalimplants.ca/why-choose-uslocations
404,http://www.allon4dentalimplants.ca/why-choose-uslocation
404,http://artofdentistry.com/locations
404,http://artofdentistry.com/location
404,http://torontobeachdental.com/locations
404,http://torontobeachdental.com/location
404,http://www.concoursedental.com/locations
404,http://www.concoursedental.com/location
404,http://www.sohodental.ca/locations
404,http://www.sohodental.ca/location
000,http://#locations
000,https://#locations
000,http://#location
000,https://#location
500,http://123edwarddental.ca/locations
500,http://123edwarddental.ca/location
404,http://www.yorkvilletds.com/locations
404,http://www.yorkvilletds.com/location
404,http://infinitydentaloffice.com/locations
404,http://infinitydentaloffice.com/location
404,http://www.mosaicdentaltoronto.ca/locations
404,http://www.mosaicdentaltoronto.ca/location
000,http://#locations
000,https://#locations
000,http://#location
000,https://#location
404,http://www.toothworks.com/locations
404,http://www.toothworks.com/location
404,https://www.torontoontariodentalpractice.ca/locations
404,https://www.torontoontariodentalpractice.ca/location
404,https://www.altimadental.com/locations/scotia-plazalocations
404,https://www.altimadental.com/locations/scotia-plazalocation
000,http://#locations
000,https://#locations
000,http://#location
000,https://#location
404,http://www.harborddentistry.com/locations
404,http://www.harborddentistry.com/location
404,http://www.emergency-dental-365.com/locations
404,http://www.emergency-dental-365.com/location
406,http://www.waterviewdentaltoronto.com/locations
406,http://www.waterviewdentaltoronto.com/location
404,https://www.riverdaledentist.ca/site/homelocations
404,https://www.riverdaledentist.ca/site/homelocation
404,http://www.incisaledge.ca/locations
404,http://www.incisaledge.ca/location
404,http://www.polardental.com/locations/toronto-dentist-yorkdalelocations
404,http://www.polardental.com/locations/toronto-dentist-yorkdalelocation
404,https://www.roncesvallesdentalcentre.com/locations
404,https://www.roncesvallesdentalcentre.com/location
404,http://www.aridental.ca/locations
404,http://www.aridental.ca/location
404,http://bathurstdundasdentalcentre.com/locations
404,http://bathurstdundasdentalcentre.com/location
404,http://www.bathurstdupont.com/locations
404,http://www.bathurstdupont.com/location
404,https://www.smile-by-design.ca/locations
404,https://www.smile-by-design.ca/location
404,http://plazadental.ca/locations
404,http://plazadental.ca/location
404,http://www.silverhilldental.com/locations
404,http://www.silverhilldental.com/location
404,http://broadviewdentalclinic.com/locations
404,http://broadviewdentalclinic.com/location
404,http://www.parsdentalclinic.com/locations
404,http://www.parsdentalclinic.com/location
404,http://www.balsamdental.com/locations
404,http://www.balsamdental.com/location
404,https://www.atlas.dental/locations
404,https://www.atlas.dental/location
404,http://torontodiamonddental.com/locations
404,http://torontodiamonddental.com/location
404,http://dentistry.drnejatsezer.com/locations
404,http://dentistry.drnejatsezer.com/location
