404,https://www.google.com/locations
404,https://www.google.com/location
404,https://www.google.com/yourmom
200,https://www.google.com/
404,https://app.demandhub.co/locations
404,https://app.demandhub.co/location
404,https://app.demandhub.co/yourmom
200,https://app.demandhub.co/
301,http://brushdentists.com/locations
200,https://brushdentists.com/locations
301,http://brushdentists.com/location
200,https://brushdentists.com/location
301,http://brushdentists.com/yourmom
200,https://brushdentists.com/yourmom
301,http://brushdentists.com/
200,https://brushdentists.com/
